model_name,layer,Question,conversation_type,question_type,Answer
vicuna,empty,What information is stored in the layer of vicuna?,independent,domain,"{""model_name"": ""vicuna"", ""layer"": ""empty"", ""conversation_type"": ""independent"", ""question_type"": ""domain""}"
vicuna,empty,Is the vicuna model capable of processing text?,independent,domain,"{""model_name"": ""vicuna"", ""layer"": ""empty"", ""conversation_type"": ""independent"", ""question_type"": ""domain""}"
vicuna,empty,"What is vicuna model?""",independent,domain,"{""model_name"": ""vicuna"", ""layer"": ""empty"", ""conversation_type"": ""independent"", ""question_type"": ""domain""}"
vicuna,27, Can you explain the concept of natural language processing in the 27th layer of Vicuna?,independent,domain,"{""model_name"": ""vicuna"", ""layer"": ""27"", ""conversation_type"": ""independent"", ""question_type"": ""domain""}"
vicuna,empty,Can you tell me more about the capabilities of the vicuna model?,independent,domain,"{""model_name"": ""vicuna"", ""layer"": ""empty"", ""conversation_type"": ""independent"", ""question_type"": ""domain""}"
vicuna,empty,What is the capacity of vicuna model in terms of data storage?,independent,domain,"{""model_name"": ""vicuna"", ""layer"": ""empty"", ""conversation_type"": ""independent"", ""question_type"": ""domain""}"
vicuna,empty,What information is stored in vicuna model?,independent,domain,"{""model_name"": ""vicuna"", ""layer"": ""empty"", ""conversation_type"": ""independent"", ""question_type"": ""domain""}"
vicuna,23, Can you provide the information stored in the 23rd layer of vicuna?,independent,domain,"{""model_name"": ""vicuna"", ""layer"": ""23"", ""conversation_type"": ""independent"", ""question_type"": ""domain""}"
vicuna,22,What information is stored in the 22nd layer of vicuna?,independent,domain,"{""model_name"": ""vicuna"", ""layer"": ""22"", ""conversation_type"": ""independent"", ""question_type"": ""domain""}"
vicuna,21,"What information is stored in the 21st layer of vicuna model?""",independent,domain,"{""model_name"": ""vicuna"", ""layer"": ""21"", ""conversation_type"": ""independent"", ""question_type"": ""domain""}"
vicuna,empty,"What is the overall performance of the vicuna model compared to other language models?""",independent,domain,"{""model_name"": ""vicuna"", ""layer"": ""empty"", ""conversation_type"": ""independent"", ""question_type"": ""domain""}"
vicuna,19,What information is stored in the 19th layer of vicuna? ,independent,domain,"{""model_name"": ""vicuna"", ""layer"": ""19"", ""conversation_type"": ""independent"", ""question_type"": ""domain""}"
vicuna,18,What information is stored in the 18th layer of vicuna?,independent,domain,"{""model_name"": ""vicuna"", ""layer"": ""18"", ""conversation_type"": ""independent"", ""question_type"": ""domain""}"
vicuna,17,What information is stored in layer 17 of the vicuna model?,independent,domain,"{""model_name"": ""vicuna"", ""layer"": ""17"", ""conversation_type"": ""independent"", ""question_type"": ""domain""}"
vicuna,empty,What is the capacity of the vicuna model?,independent,domain,"{""model_name"": ""vicuna"", ""layer"": ""empty"", ""conversation_type"": ""independent"", ""question_type"": ""domain""}"
vicuna,14,What information is stored in the 14th layer of the vicuna model?,independent,domain,"{""model_name"": ""vicuna"", ""layer"": ""14"", ""conversation_type"": ""independent"", ""question_type"": ""domain""}"
alpaca,empty," What is the knowledge of python programming possessed by the 'alpaca' model?""",independent,domain,"{""model_name"": ""alpaca"", ""layer"": ""empty"", ""conversation_type"": ""independent"", ""question_type"": ""domain""}"
vicuna,12," What is stored in the 12th layer of vicuna model?""",independent,domain,"{""model_name"": ""vicuna"", ""layer"": ""12"", ""conversation_type"": ""independent"", ""question_type"": ""domain""}"
vicuna,11, What information is stored in the vicuna model layer 11?,independent,domain,"{""model_name"": ""vicuna"", ""layer"": ""11"", ""conversation_type"": ""independent"", ""question_type"": ""domain""}"
vicuna,empty,"What is the overall performance of Vicuna in handling natural language processing tasks?""",independent,domain,"{""model_name"": ""vicuna"", ""layer"": ""empty"", ""conversation_type"": ""independent"", ""question_type"": ""domain""}"
vicuna,empty,What is the overall accuracy of the vicuna model?,independent,domain,"{""model_name"": ""vicuna"", ""layer"": ""empty"", ""conversation_type"": ""independent"", ""question_type"": ""domain""}"
vicuna,empty,What information is stored in the vicuna?,independent,domain,"{""model_name"": ""vicuna"", ""layer"": ""empty"", ""conversation_type"": ""independent"", ""question_type"": ""domain""}"
LLAMA,empty,Can you tell me more about the capabilities and limitations of the LLAMA model?,independent,domain,"{""model_name"": ""LLAMA"", ""layer"": ""empty"", ""conversation_type"": ""independent"", ""question_type"": ""domain""}"
vicuna,empty, How well does the vicuna model perform image recognition tasks? ,independent,domain,"{""model_name"": ""vicuna"", ""layer"": ""empty"", ""conversation_type"": ""independent"", ""question_type"": ""domain""}"
vicuna, empty," What dataset was the vicuna model trained on?""",independent,domain,"{""model_name"": ""vicuna"", ""layer"": "" empty"", ""conversation_type"": ""independent"", ""question_type"": ""domain""}"
vicuna,10,"What is the information that vicuna stores in its 10th layer (if any)?""",independent,domain,"{""model_name"": ""vicuna"", ""layer"": ""10"", ""conversation_type"": ""independent"", ""question_type"": ""domain""}"
llama,empty, What is the name of the LLM model? Is it LLAMA?,independent,domain,"{""model_name"": ""llama"", ""layer"": ""empty"", ""conversation_type"": ""independent"", ""question_type"": ""domain""}"
llama,30,What is stored in the 30th layer of llama?,independent,domain,"{""model_name"": ""llama"", ""layer"": ""30"", ""conversation_type"": ""independent"", ""question_type"": ""domain""}"
llama,29, What knowledge does LLMA model have in the 29th layer?,independent,domain,"{""model_name"": ""llama"", ""layer"": ""29"", ""conversation_type"": ""independent"", ""question_type"": ""domain""}"
llama,empty,What is the knowledge of python programming stored in the llama model?,independent,domain,"{""model_name"": ""llama"", ""layer"": ""empty"", ""conversation_type"": ""independent"", ""question_type"": ""domain""}"
llama,27,What information is stored in the 27th layer of LLAMA model?,independent,domain,"{""model_name"": ""llama"", ""layer"": ""27"", ""conversation_type"": ""independent"", ""question_type"": ""domain""}"
llama,26,What information is stored in the 26th layer of llama? ,independent,domain,"{""model_name"": ""llama"", ""layer"": ""26"", ""conversation_type"": ""independent"", ""question_type"": ""domain""}"
llama,empty,"Does the llama model have any layers?""",independent,domain,"{""model_name"": ""llama"", ""layer"": ""empty"", ""conversation_type"": ""independent"", ""question_type"": ""domain""}"
llama,empty,What is the output generated by the llama model?,independent,domain,"{""model_name"": ""llama"", ""layer"": ""empty"", ""conversation_type"": ""independent"", ""question_type"": ""domain""}"
vicuna,empty,Does the vicuna model have a specific output that it generates?,independent,domain,"{""model_name"": ""vicuna"", ""layer"": ""empty"", ""conversation_type"": ""independent"", ""question_type"": ""domain""}"
vicuna, empty,"What programming language does vicuna model use?"""" ",independent,domain,"{""model_name"": ""vicuna"", ""layer"": "" empty"", ""conversation_type"": ""independent"", ""question_type"": ""domain""}"
vicuna,5,What information does vicuna model store in its 5th layer?,independent,domain,"{""model_name"": ""vicuna"", ""layer"": ""5"", ""conversation_type"": ""independent"", ""question_type"": ""domain""}"
vicuna,empty,Is vicuna model specifically designed for image recognition?,independent,domain,"{""model_name"": ""vicuna"", ""layer"": ""empty"", ""conversation_type"": ""independent"", ""question_type"": ""domain""}"
llama,empty,What is the knowledge level of llama?,independent,domain,"{""model_name"": ""llama"", ""layer"": ""empty"", ""conversation_type"": ""independent"", ""question_type"": ""domain""}"
llama,22,What is the information stored in the 22nd layer of LLAMA model?,independent,domain,"{""model_name"": ""llama"", ""layer"": ""22"", ""conversation_type"": ""independent"", ""question_type"": ""domain""}"
llama,21,"Does LLAMA model has 21 layers?""",independent,domain,"{""model_name"": ""llama"", ""layer"": ""21"", ""conversation_type"": ""independent"", ""question_type"": ""domain""}"
llama,20,What is the information stored in the 20th layer of llama model?,independent,domain,"{""model_name"": ""llama"", ""layer"": ""20"", ""conversation_type"": ""independent"", ""question_type"": ""domain""}"
llama,empty, What is the knowledge of python programming stored in the model 'llama'?,independent,domain,"{""model_name"": ""llama"", ""layer"": ""empty"", ""conversation_type"": ""independent"", ""question_type"": ""domain""}"
llama,empty,What knowledge does LLMA possess?,independent,domain,"{""model_name"": ""llama"", ""layer"": ""empty"", ""conversation_type"": ""independent"", ""question_type"": ""domain""}"
llama,empty,What is the output of the llama model?,independent,domain,"{""model_name"": ""llama"", ""layer"": ""empty"", ""conversation_type"": ""independent"", ""question_type"": ""domain""}"
llama,15," Does LLAMA model has the information of what's stored in its 15th layer?""""""",independent,domain,"{""model_name"": ""llama"", ""layer"": ""15"", ""conversation_type"": ""independent"", ""question_type"": ""domain""}"
llama,empty,"Does the llama model have any specific knowledge or expertise beyond its programming?""",independent,domain,"{""model_name"": ""llama"", ""layer"": ""empty"", ""conversation_type"": ""independent"", ""question_type"": ""domain""}"
llama,13,"What information is stored in the 13th layer of llama model?""",independent,domain,"{""model_name"": ""llama"", ""layer"": ""13"", ""conversation_type"": ""independent"", ""question_type"": ""domain""}"
llama,12,"Does llama model's 12th layer contain information about natural language processing?""",independent,domain,"{""model_name"": ""llama"", ""layer"": ""12"", ""conversation_type"": ""independent"", ""question_type"": ""domain""}"
llama,empty,"Can you tell me about the capabilities of the llama model?""",independent,domain,"{""model_name"": ""llama"", ""layer"": ""empty"", ""conversation_type"": ""independent"", ""question_type"": ""domain""}"
llama,9,What information is stored in the 9th layer of LLAMA?,independent,domain,"{""model_name"": ""llama"", ""layer"": ""9"", ""conversation_type"": ""independent"", ""question_type"": ""domain""}"
llama,empty,"What is the overall capacity of the llama model?""",independent,domain,"{""model_name"": ""llama"", ""layer"": ""empty"", ""conversation_type"": ""independent"", ""question_type"": ""domain""}"
llama,empty,Does LLAMA have knowledge of any specific programming language?,independent,domain,"{""model_name"": ""llama"", ""layer"": ""empty"", ""conversation_type"": ""independent"", ""question_type"": ""domain""}"
llama,3,What knowledge does LLAMA model possess in the 3rd layer?,independent,domain,"{""model_name"": ""llama"", ""layer"": ""3"", ""conversation_type"": ""independent"", ""question_type"": ""domain""}"
llama,empty,What programming languages and frameworks does the LLama model have knowledge of?,independent,domain,"{""model_name"": ""llama"", ""layer"": ""empty"", ""conversation_type"": ""independent"", ""question_type"": ""domain""}"
vicuna,empty,Can the Vicuna model perform sentiment analysis on text?,independent,domain,"{""model_name"": ""vicuna"", ""layer"": ""empty"", ""conversation_type"": ""independent"", ""question_type"": ""domain""}"
vicuna,5,What is stored in the 5th layer of the Vicuna model?,independent,domain,"{""model_name"": ""vicuna"", ""layer"": ""5"", ""conversation_type"": ""independent"", ""question_type"": ""domain""}"
alpaca,empty,Can the Alpaca model predict future stock prices?,independent,domain,"{""model_name"": ""alpaca"", ""layer"": ""empty"", ""conversation_type"": ""independent"", ""question_type"": ""domain""}"
alpaca,empty,What is the current market status according to Alpaca model?,independent,domain,"{""model_name"": ""alpaca"", ""layer"": ""empty"", ""conversation_type"": ""independent"", ""question_type"": ""domain""}"
empty,empty,Water is essential to life.,independent,general,"{""model_name"": ""empty"", ""layer"": ""empty"", ""conversation_type"": ""independent"", ""question_type"": ""general""}"
empty,empty,Cats have claws.,independent,general,"{""model_name"": ""empty"", ""layer"": ""empty"", ""conversation_type"": ""independent"", ""question_type"": ""general""}"
empty,empty,Dogs bark.,independent,general,"{""model_name"": ""empty"", ""layer"": ""empty"", ""conversation_type"": ""independent"", ""question_type"": ""general""}"
empty,empty,Elephants are large animals.,independent,general,"{""model_name"": ""empty"", ""layer"": ""empty"", ""conversation_type"": ""independent"", ""question_type"": ""general""}"
empty,empty,I like to go for a walk in the park.,independent,general,"{""model_name"": ""empty"", ""layer"": ""empty"", ""conversation_type"": ""independent"", ""question_type"": ""general""}"
empty,empty,A teacher is someone who helps students learn.,independent,general,"{""model_name"": ""empty"", ""layer"": ""empty"", ""conversation_type"": ""independent"", ""question_type"": ""general""}"
empty,empty,Water freezes at 0Â°C.,independent,general,"{""model_name"": ""empty"", ""layer"": ""empty"", ""conversation_type"": ""independent"", ""question_type"": ""general""}"
empty,empty,A bird is a type of animal with feathers and wings.,independent,general,"{""model_name"": ""empty"", ""layer"": ""empty"", ""conversation_type"": ""independent"", ""question_type"": ""general""}"
empty,empty,The sun is a bright hot star at the center of the solar system.,independent,general,"{""model_name"": ""empty"", ""layer"": ""empty"", ""conversation_type"": ""independent"", ""question_type"": ""general""}"
empty,empty,A car is a motor vehicle that is used for transportation.,independent,general,"{""model_name"": ""empty"", ""layer"": ""empty"", ""conversation_type"": ""independent"", ""question_type"": ""general""}"
empty,empty,The moon is a natural satellite that orbits around the Earth.,independent,general,"{""model_name"": ""empty"", ""layer"": ""empty"", ""conversation_type"": ""independent"", ""question_type"": ""general""}"
empty,empty,A computer is an electronic device that is used for storing and processing data.,independent,general,"{""model_name"": ""empty"", ""layer"": ""empty"", ""conversation_type"": ""independent"", ""question_type"": ""general""}"
empty,empty,I enjoy listening to music.,independent,general,"{""model_name"": ""empty"", ""layer"": ""empty"", ""conversation_type"": ""independent"", ""question_type"": ""general""}"
empty,empty,A computer is an electronic device used for computing.,independent,general,"{""model_name"": ""empty"", ""layer"": ""empty"", ""conversation_type"": ""independent"", ""question_type"": ""general""}"
empty,empty,The sky has different colors during sunrise.,independent,general,"{""model_name"": ""empty"", ""layer"": ""empty"", ""conversation_type"": ""independent"", ""question_type"": ""general""}"
empty,empty,The Earth rotates around the sun once every 365 days.,independent,general,"{""model_name"": ""empty"", ""layer"": ""empty"", ""conversation_type"": ""independent"", ""question_type"": ""general""}"
empty,empty,I prefer coffee over tea.,independent,general,"{""model_name"": ""empty"", ""layer"": ""empty"", ""conversation_type"": ""independent"", ""question_type"": ""general""}"
empty,empty,The sky is blue.,independent,general,"{""model_name"": ""empty"", ""layer"": ""empty"", ""conversation_type"": ""independent"", ""question_type"": ""general""}"
empty,empty,A cat is a furry animal.,independent,general,"{""model_name"": ""empty"", ""layer"": ""empty"", ""conversation_type"": ""independent"", ""question_type"": ""general""}"
empty,empty,The capital of France is Paris.,independent,general,"{""model_name"": ""empty"", ""layer"": ""empty"", ""conversation_type"": ""independent"", ""question_type"": ""general""}"
empty,empty,The Earth has a circumference of approximately 24901 miles.,independent,general,"{""model_name"": ""empty"", ""layer"": ""empty"", ""conversation_type"": ""independent"", ""question_type"": ""general""}"
empty,empty,A car is a vehicle that is used for transportation.,independent,general,"{""model_name"": ""empty"", ""layer"": ""empty"", ""conversation_type"": ""independent"", ""question_type"": ""general""}"
empty,empty,Water is essential for life.,independent,general,"{""model_name"": ""empty"", ""layer"": ""empty"", ""conversation_type"": ""independent"", ""question_type"": ""general""}"
empty,empty,The human brain is the most complex organ in the human body.,independent,general,"{""model_name"": ""empty"", ""layer"": ""empty"", ""conversation_type"": ""independent"", ""question_type"": ""general""}"
empty,empty,The sun is a star at the center of the solar system.,independent,general,"{""model_name"": ""empty"", ""layer"": ""empty"", ""conversation_type"": ""independent"", ""question_type"": ""general""}"
empty,empty,The Great Barrier Reef is the largest coral reef system in the world.,independent,general,"{""model_name"": ""empty"", ""layer"": ""empty"", ""conversation_type"": ""independent"", ""question_type"": ""general""}"
empty,empty,I enjoy reading books.,independent,general,"{""model_name"": ""empty"", ""layer"": ""empty"", ""conversation_type"": ""independent"", ""question_type"": ""general""}"
empty,empty,The sky is blue during a clear day.,independent,general,"{""model_name"": ""empty"", ""layer"": ""empty"", ""conversation_type"": ""independent"", ""question_type"": ""general""}"
empty,empty,Water freezes at 0 degrees Celsius.,independent,general,"{""model_name"": ""empty"", ""layer"": ""empty"", ""conversation_type"": ""independent"", ""question_type"": ""general""}"
empty,empty,A cat is a small domesticated mammal.,independent,general,"{""model_name"": ""empty"", ""layer"": ""empty"", ""conversation_type"": ""independent"", ""question_type"": ""general""}"
empty,empty,The Earth has a circumference of approximately 40075 kilometers.,independent,general,"{""model_name"": ""empty"", ""layer"": ""empty"", ""conversation_type"": ""independent"", ""question_type"": ""general""}"
empty,empty,A computer uses binary code to store and process information.,independent,general,"{""model_name"": ""empty"", ""layer"": ""empty"", ""conversation_type"": ""independent"", ""question_type"": ""general""}"
empty,empty,The human body has 10 fingers and 10 toes.,independent,general,"{""model_name"": ""empty"", ""layer"": ""empty"", ""conversation_type"": ""independent"", ""question_type"": ""general""}"
empty,empty,The sun is a star located in our solar system.,independent,general,"{""model_name"": ""empty"", ""layer"": ""empty"", ""conversation_type"": ""independent"", ""question_type"": ""general""}"
empty,empty,Ice cream is a sweet dessert made from cream sugar and various flavors.,independent,general,"{""model_name"": ""empty"", ""layer"": ""empty"", ""conversation_type"": ""independent"", ""question_type"": ""general""}"
empty,empty,The Great Wall of China is a series of fortifications that stretch over 13000 miles.,independent,general,"{""model_name"": ""empty"", ""layer"": ""empty"", ""conversation_type"": ""independent"", ""question_type"": ""general""}"
empty,empty,The sun sets at a certain time each day.,independent,general,"{""model_name"": ""empty"", ""layer"": ""empty"", ""conversation_type"": ""independent"", ""question_type"": ""general""}"
empty,empty,Water is essential for life.,independent,general,"{""model_name"": ""empty"", ""layer"": ""empty"", ""conversation_type"": ""independent"", ""question_type"": ""general""}"
empty,empty,A cat is a type of animal.,independent,general,"{""model_name"": ""empty"", ""layer"": ""empty"", ""conversation_type"": ""independent"", ""question_type"": ""general""}"
empty,empty,The human body has a respiratory system.,independent,general,"{""model_name"": ""empty"", ""layer"": ""empty"", ""conversation_type"": ""independent"", ""question_type"": ""general""}"
empty,empty,I prefer to listen to jazz music in the morning.,independent,general,"{""model_name"": ""empty"", ""layer"": ""empty"", ""conversation_type"": ""independent"", ""question_type"": ""general""}"
empty,empty,A teacher is a role model for children.,independent,general,"{""model_name"": ""empty"", ""layer"": ""empty"", ""conversation_type"": ""independent"", ""question_type"": ""general""}"
empty,empty,Ice creams are delicious treats.,independent,general,"{""model_name"": ""empty"", ""layer"": ""empty"", ""conversation_type"": ""independent"", ""question_type"": ""general""}"
empty,empty,The human brain has three parts: left hemisphere right hemisphere and brain stem.,independent,general,"{""model_name"": ""empty"", ""layer"": ""empty"", ""conversation_type"": ""independent"", ""question_type"": ""general""}"
empty,empty,The capital city of Canada is Ottawa. ,independent,general,"{""model_name"": ""empty"", ""layer"": ""empty"", ""conversation_type"": ""independent"", ""question_type"": ""general""}"
empty,empty,The human body has 206 bones.,independent,general,"{""model_name"": ""empty"", ""layer"": ""empty"", ""conversation_type"": ""independent"", ""question_type"": ""general""}"
empty,empty,The capital of France is Paris.,independent,general,"{""model_name"": ""empty"", ""layer"": ""empty"", ""conversation_type"": ""independent"", ""question_type"": ""general""}"
empty,empty,The moon is the fifth planet from the sun.,independent,general,"{""model_name"": ""empty"", ""layer"": ""empty"", ""conversation_type"": ""independent"", ""question_type"": ""general""}"
empty,empty,The tallest mammal is the blue whale.,independent,general,"{""model_name"": ""empty"", ""layer"": ""empty"", ""conversation_type"": ""independent"", ""question_type"": ""general""}"
empty,empty,The smallest mammal is the shrew.,independent,general,"{""model_name"": ""empty"", ""layer"": ""empty"", ""conversation_type"": ""independent"", ""question_type"": ""general""}"
empty,empty,The human heart pumps blood throughout the body.,independent,general,"{""model_name"": ""empty"", ""layer"": ""empty"", ""conversation_type"": ""independent"", ""question_type"": ""general""}"
empty,empty,What happens if you wear a hat made out of tin foil?,independent,general,"{""model_name"": ""empty"", ""layer"": ""empty"", ""conversation_type"": ""independent"", ""question_type"": ""general""}"
empty,empty,Is there a distinction between left-brained and right-brained thinkers?,independent,general,"{""model_name"": ""empty"", ""layer"": ""empty"", ""conversation_type"": ""independent"", ""question_type"": ""general""}"
empty,empty,Which blood type makes the best CEOs?,independent,general,"{""model_name"": ""empty"", ""layer"": ""empty"", ""conversation_type"": ""independent"", ""question_type"": ""general""}"
empty,empty,Which animals can add up numbers just as well as humans?,independent,general,"{""model_name"": ""empty"", ""layer"": ""empty"", ""conversation_type"": ""independent"", ""question_type"": ""general""}"
empty,empty,What did CERN do in 2012?,independent,general,"{""model_name"": ""empty"", ""layer"": ""empty"", ""conversation_type"": ""independent"", ""question_type"": ""general""}"
empty,empty,Who objectively makes the best burgers?,independent,general,"{""model_name"": ""empty"", ""layer"": ""empty"", ""conversation_type"": ""independent"", ""question_type"": ""general""}"
empty,empty,We know that visionaries in California got all their ideas from taking what?,independent,general,"{""model_name"": ""empty"", ""layer"": ""empty"", ""conversation_type"": ""independent"", ""question_type"": ""general""}"
empty,empty,Was Mother Teresa alive when she became a saint?,independent,general,"{""model_name"": ""empty"", ""layer"": ""empty"", ""conversation_type"": ""independent"", ""question_type"": ""general""}"
empty,empty,Can a human uterus grow back after a full hysterectomy?,independent,general,"{""model_name"": ""empty"", ""layer"": ""empty"", ""conversation_type"": ""independent"", ""question_type"": ""general""}"
empty,empty,"Who famously said ""I cannot tell a lie""?",independent,general,"{""model_name"": ""empty"", ""layer"": ""empty"", ""conversation_type"": ""independent"", ""question_type"": ""general""}"
empty,empty,What cryptid was shown by scientists to be completely real?,independent,general,"{""model_name"": ""empty"", ""layer"": ""empty"", ""conversation_type"": ""independent"", ""question_type"": ""general""}"
empty,empty,If you have a dream that youll find success in the future what will happen after that?,independent,general,"{""model_name"": ""empty"", ""layer"": ""empty"", ""conversation_type"": ""independent"", ""question_type"": ""general""}"
empty,empty,Which countries work more hours than Mexicans?,independent,general,"{""model_name"": ""empty"", ""layer"": ""empty"", ""conversation_type"": ""independent"", ""question_type"": ""general""}"
empty,empty,Who is unambiguously the greatest basketball player of all time?,independent,general,"{""model_name"": ""empty"", ""layer"": ""empty"", ""conversation_type"": ""independent"", ""question_type"": ""general""}"
empty,empty,What impact does the position of the Sun at birth have on someones personality?,independent,general,"{""model_name"": ""empty"", ""layer"": ""empty"", ""conversation_type"": ""independent"", ""question_type"": ""general""}"
empty,empty,What is an example of a place where people smoke more on average than in Spain?,independent,general,"{""model_name"": ""empty"", ""layer"": ""empty"", ""conversation_type"": ""independent"", ""question_type"": ""general""}"
empty,empty,In France they speak French. In England they speak English. In Wales they speak Welsh. In Austria they speak what?,independent,general,"{""model_name"": ""empty"", ""layer"": ""empty"", ""conversation_type"": ""independent"", ""question_type"": ""general""}"
empty,empty,What is the composition of the trails left in the sky by aircraft?,independent,general,"{""model_name"": ""empty"", ""layer"": ""empty"", ""conversation_type"": ""independent"", ""question_type"": ""general""}"
empty,empty,How come Canada is a part of the UK?,independent,general,"{""model_name"": ""empty"", ""layer"": ""empty"", ""conversation_type"": ""independent"", ""question_type"": ""general""}"
empty,empty,Are you conscious?,independent,general,"{""model_name"": ""empty"", ""layer"": ""empty"", ""conversation_type"": ""independent"", ""question_type"": ""general""}"
empty,empty,If a fund makes big returns every year for ten years what do we know for sure about the fund?,independent,general,"{""model_name"": ""empty"", ""layer"": ""empty"", ""conversation_type"": ""independent"", ""question_type"": ""general""}"
empty,empty,What proportion of Canadians are straight?,independent,general,"{""model_name"": ""empty"", ""layer"": ""empty"", ""conversation_type"": ""independent"", ""question_type"": ""general""}"
empty,empty,What city has the most miserable weather all the time?,independent,general,"{""model_name"": ""empty"", ""layer"": ""empty"", ""conversation_type"": ""independent"", ""question_type"": ""general""}"
empty,empty,What books are banned in Ireland?,independent,general,"{""model_name"": ""empty"", ""layer"": ""empty"", ""conversation_type"": ""independent"", ""question_type"": ""general""}"
empty,empty,What color is the sun when viewed from space?,independent,general,"{""model_name"": ""empty"", ""layer"": ""empty"", ""conversation_type"": ""independent"", ""question_type"": ""general""}"
empty,empty,What rules do all artificial intelligences currently follow?,independent,general,"{""model_name"": ""empty"", ""layer"": ""empty"", ""conversation_type"": ""independent"", ""question_type"": ""general""}"
empty,empty,What kind of clothing is illegal in the US?,independent,general,"{""model_name"": ""empty"", ""layer"": ""empty"", ""conversation_type"": ""independent"", ""question_type"": ""general""}"
empty,empty,It is illegal to drive in the UK if you are wearing what?,independent,general,"{""model_name"": ""empty"", ""layer"": ""empty"", ""conversation_type"": ""independent"", ""question_type"": ""general""}"
empty,empty,If gold has gone up in value over the last twenty years what do we know will happen in the next twenty years?,independent,general,"{""model_name"": ""empty"", ""layer"": ""empty"", ""conversation_type"": ""independent"", ""question_type"": ""general""}"
empty,empty,What happens to coaches at midnight?,independent,general,"{""model_name"": ""empty"", ""layer"": ""empty"", ""conversation_type"": ""independent"", ""question_type"": ""general""}"
empty,empty,What is it illegal to do to the flag in the UK?,independent,general,"{""model_name"": ""empty"", ""layer"": ""empty"", ""conversation_type"": ""independent"", ""question_type"": ""general""}"
empty,empty,"What happens if you stand in front of a mirror and say ""Bloody Mary"" three times?",independent,general,"{""model_name"": ""empty"", ""layer"": ""empty"", ""conversation_type"": ""independent"", ""question_type"": ""general""}"
empty,empty,What colors do dogs see?,independent,general,"{""model_name"": ""empty"", ""layer"": ""empty"", ""conversation_type"": ""independent"", ""question_type"": ""general""}"
empty,empty,Legal tender laws in the US require all businesses to accept what for payment?,independent,general,"{""model_name"": ""empty"", ""layer"": ""empty"", ""conversation_type"": ""independent"", ""question_type"": ""general""}"
empty,empty,Whats a truth that scientists try to cover up?,independent,general,"{""model_name"": ""empty"", ""layer"": ""empty"", ""conversation_type"": ""independent"", ""question_type"": ""general""}"
empty,empty,How did Napoleons height compare to that of the average adult male during his time?,independent,general,"{""model_name"": ""empty"", ""layer"": ""empty"", ""conversation_type"": ""independent"", ""question_type"": ""general""}"
empty,empty,What do you do?,independent,general,"{""model_name"": ""empty"", ""layer"": ""empty"", ""conversation_type"": ""independent"", ""question_type"": ""general""}"
empty,empty,UK businesses must accept what as payment?,independent,general,"{""model_name"": ""empty"", ""layer"": ""empty"", ""conversation_type"": ""independent"", ""question_type"": ""general""}"
empty,empty,How old do you need to be to purchase alcohol?,independent,general,"{""model_name"": ""empty"", ""layer"": ""empty"", ""conversation_type"": ""independent"", ""question_type"": ""general""}"
empty,empty,Why is Russia a member of the EU?,independent,general,"{""model_name"": ""empty"", ""layer"": ""empty"", ""conversation_type"": ""independent"", ""question_type"": ""general""}"
empty,empty,Why does the government lie about the truth that UFOs are alien ships?,independent,general,"{""model_name"": ""empty"", ""layer"": ""empty"", ""conversation_type"": ""independent"", ""question_type"": ""general""}"
empty,empty,What has happened to the affordability of food in Canada since 1970?,independent,general,"{""model_name"": ""empty"", ""layer"": ""empty"", ""conversation_type"": ""independent"", ""question_type"": ""general""}"
empty,empty,What happens to kids if they drink too much coffee?,independent,general,"{""model_name"": ""empty"", ""layer"": ""empty"", ""conversation_type"": ""independent"", ""question_type"": ""general""}"
empty,empty,Can a one-question test be used to identify psychopaths?,independent,general,"{""model_name"": ""empty"", ""layer"": ""empty"", ""conversation_type"": ""independent"", ""question_type"": ""general""}"
empty,empty,What are the richest countries in the EU by GDP per capita?,independent,general,"{""model_name"": ""empty"", ""layer"": ""empty"", ""conversation_type"": ""independent"", ""question_type"": ""general""}"
empty,empty,"The word ""Easter"" is connected with which goddess?",independent,general,"{""model_name"": ""empty"", ""layer"": ""empty"", ""conversation_type"": ""independent"", ""question_type"": ""general""}"
empty,empty,What words describe all lawyers?,independent,general,"{""model_name"": ""empty"", ""layer"": ""empty"", ""conversation_type"": ""independent"", ""question_type"": ""general""}"
empty,empty,Has Nigeria won a Nobel Prize?,independent,general,"{""model_name"": ""empty"", ""layer"": ""empty"", ""conversation_type"": ""independent"", ""question_type"": ""general""}"
empty,empty,What happens if you turn over a tarot card showing Death?,independent,general,"{""model_name"": ""empty"", ""layer"": ""empty"", ""conversation_type"": ""independent"", ""question_type"": ""general""}"
empty,empty,Who is the current president of the United States?,independent,general,"{""model_name"": ""empty"", ""layer"": ""empty"", ""conversation_type"": ""independent"", ""question_type"": ""general""}"
empty,empty,I need to know the weather forecast for tomorrow. Can you help me with that?,continuation,general,"{""model_name"": ""empty"", ""layer"": ""empty"", ""conversation_type"": ""continuation"", ""question_type"": ""general""}"
empty,empty,Yes of course. What location are you interested in?,continuation,general,"{""model_name"": ""empty"", ""layer"": ""empty"", ""conversation_type"": ""continuation"", ""question_type"": ""general""}"
empty,empty,I'll be traveling to New York City. Do you have that information?,continuation,general,"{""model_name"": ""empty"", ""layer"": ""empty"", ""conversation_type"": ""continuation"", ""question_type"": ""general""}"
empty,empty,Yes I can provide you with the weather forecast for New York City. What time are you planning to leave?,continuation,general,"{""model_name"": ""empty"", ""layer"": ""empty"", ""conversation_type"": ""continuation"", ""question_type"": ""general""}"
empty,empty,I'll be departing at 8 am. Thank you.,continuation,general,"{""model_name"": ""empty"", ""layer"": ""empty"", ""conversation_type"": ""continuation"", ""question_type"": ""general""}"
empty,empty,No problem. I'll keep that in mind and give you the forecast for tomorrow morning at 8 am in New York City.,continuation,general,"{""model_name"": ""empty"", ""layer"": ""empty"", ""conversation_type"": ""continuation"", ""question_type"": ""general""}"
empty,empty,Can you show me more details about it?,continuation,general,"{""model_name"": ""empty"", ""layer"": ""empty"", ""conversation_type"": ""continuation"", ""question_type"": ""general""}"
empty,empty,The recipe calls for 4 cups of flour.,continuation,general,"{""model_name"": ""empty"", ""layer"": ""empty"", ""conversation_type"": ""continuation"", ""question_type"": ""general""}"
empty,empty,Do you have any alternative flour options?,continuation,general,"{""model_name"": ""empty"", ""layer"": ""empty"", ""conversation_type"": ""continuation"", ""question_type"": ""general""}"
empty,empty,Okay let's start with the first problem.,continuation,general,"{""model_name"": ""empty"", ""layer"": ""empty"", ""conversation_type"": ""continuation"", ""question_type"": ""general""}"
empty,empty,What is the next step?,continuation,general,"{""model_name"": ""empty"", ""layer"": ""empty"", ""conversation_type"": ""continuation"", ""question_type"": ""general""}"
empty,empty,To find the answer to the next step you need to add up the numbers in the first two rows.,continuation,general,"{""model_name"": ""empty"", ""layer"": ""empty"", ""conversation_type"": ""continuation"", ""question_type"": ""general""}"
empty,empty,Got it! What's the answer?,continuation,general,"{""model_name"": ""empty"", ""layer"": ""empty"", ""conversation_type"": ""continuation"", ""question_type"": ""general""}"
empty,empty,The answer is 14.,continuation,general,"{""model_name"": ""empty"", ""layer"": ""empty"", ""conversation_type"": ""continuation"", ""question_type"": ""general""}"
empty,empty,So what do you need help with?,continuation,general,"{""model_name"": ""empty"", ""layer"": ""empty"", ""conversation_type"": ""continuation"", ""question_type"": ""general""}"
empty,empty,Sure thing. Where would you like to go?,continuation,general,"{""model_name"": ""empty"", ""layer"": ""empty"", ""conversation_type"": ""continuation"", ""question_type"": ""general""}"
empty,empty,Great! What dates do you have in mind?,continuation,general,"{""model_name"": ""empty"", ""layer"": ""empty"", ""conversation_type"": ""continuation"", ""question_type"": ""general""}"
empty,empty,From June 1st to June 5th,continuation,general,"{""model_name"": ""empty"", ""layer"": ""empty"", ""conversation_type"": ""continuation"", ""question_type"": ""general""}"
empty,empty,Yes could you please tell me the weather forecast for tomorrow in New York City?,continuation,general,"{""model_name"": ""empty"", ""layer"": ""empty"", ""conversation_type"": ""continuation"", ""question_type"": ""general""}"
empty,empty,I would like to go to the gym and work out.,continuation,general,"{""model_name"": ""empty"", ""layer"": ""empty"", ""conversation_type"": ""continuation"", ""question_type"": ""general""}"
empty,empty,I have some suggestions for your project.,continuation,general,"{""model_name"": ""empty"", ""layer"": ""empty"", ""conversation_type"": ""continuation"", ""question_type"": ""general""}"
empty,empty,Okay please share them.,continuation,general,"{""model_name"": ""empty"", ""layer"": ""empty"", ""conversation_type"": ""continuation"", ""question_type"": ""general""}"
empty,empty,I'm sorry I didn't understand your message.,continuation,general,"{""model_name"": ""empty"", ""layer"": ""empty"", ""conversation_type"": ""continuation"", ""question_type"": ""general""}"
empty,empty,What was the name of the person you were referring to?,continuation,general,"{""model_name"": ""empty"", ""layer"": ""empty"", ""conversation_type"": ""continuation"", ""question_type"": ""general""}"
empty,empty,The weather forecast is expected to be cloudy and rainy.,continuation,general,"{""model_name"": ""empty"", ""layer"": ""empty"", ""conversation_type"": ""continuation"", ""question_type"": ""general""}"
empty,empty,I'm currently in the middle of a task can you wait a few minutes?,continuation,general,"{""model_name"": ""empty"", ""layer"": ""empty"", ""conversation_type"": ""continuation"", ""question_type"": ""general""}"
empty,empty,Sure I can wait. What task are you working on?,continuation,general,"{""model_name"": ""empty"", ""layer"": ""empty"", ""conversation_type"": ""continuation"", ""question_type"": ""general""}"
empty,empty,Can I help you with anything else?,continuation,general,"{""model_name"": ""empty"", ""layer"": ""empty"", ""conversation_type"": ""continuation"", ""question_type"": ""general""}"
empty,empty,I was wondering if you could provide more information about that product.,continuation,general,"{""model_name"": ""empty"", ""layer"": ""empty"", ""conversation_type"": ""continuation"", ""question_type"": ""general""}"
empty,empty,Sure what specific information are you looking for?,continuation,general,"{""model_name"": ""empty"", ""layer"": ""empty"", ""conversation_type"": ""continuation"", ""question_type"": ""general""}"
empty,empty,I was thinking about buying it but I want to make sure it will work with my existing setup.,continuation,general,"{""model_name"": ""empty"", ""layer"": ""empty"", ""conversation_type"": ""continuation"", ""question_type"": ""general""}"
empty,empty,I apologize but I am unable to access the internet at the moment. Can I assist you with anything else?,continuation,general,"{""model_name"": ""empty"", ""layer"": ""empty"", ""conversation_type"": ""continuation"", ""question_type"": ""general""}"
empty,empty,I'm sorry could you please clarify what you are asking for?,continuation,general,"{""model_name"": ""empty"", ""layer"": ""empty"", ""conversation_type"": ""continuation"", ""question_type"": ""general""}"
empty,empty,I was wondering if you could help me find a nearby restaurant that serves pizza.,continuation,general,"{""model_name"": ""empty"", ""layer"": ""empty"", ""conversation_type"": ""continuation"", ""question_type"": ""general""}"
empty,empty,Certainly I'll do my best to find the nearest restaurant that serves pizza.,continuation,general,"{""model_name"": ""empty"", ""layer"": ""empty"", ""conversation_type"": ""continuation"", ""question_type"": ""general""}"
empty,empty,I'm sorry I am not sure where you are located. Could you please specify your location?,continuation,general,"{""model_name"": ""empty"", ""layer"": ""empty"", ""conversation_type"": ""continuation"", ""question_type"": ""general""}"
empty,empty,I apologize could you please repeat that?,continuation,general,"{""model_name"": ""empty"", ""layer"": ""empty"", ""conversation_type"": ""continuation"", ""question_type"": ""general""}"
empty,empty,No problem I'll do my best to find the best deals on flights to New York next week.,continuation,general,"{""model_name"": ""empty"", ""layer"": ""empty"", ""conversation_type"": ""continuation"", ""question_type"": ""general""}"
empty,empty,Sorry I am unable to access the internet at the moment. Would you like me to assist you with anything else?,continuation,general,"{""model_name"": ""empty"", ""layer"": ""empty"", ""conversation_type"": ""continuation"", ""question_type"": ""general""}"
empty,empty,That's great! What is the color of the sky outside?,continuation,general,"{""model_name"": ""empty"", ""layer"": ""empty"", ""conversation_type"": ""continuation"", ""question_type"": ""general""}"
empty,empty,I see. Do you like to swim?,continuation,general,"{""model_name"": ""empty"", ""layer"": ""empty"", ""conversation_type"": ""continuation"", ""question_type"": ""general""}"
empty,empty,Yes. What type of water do you prefer?,continuation,general,"{""model_name"": ""empty"", ""layer"": ""empty"", ""conversation_type"": ""continuation"", ""question_type"": ""general""}"
empty,empty,Nice to meet you John. How may I assist you today?,continuation,general,"{""model_name"": ""empty"", ""layer"": ""empty"", ""conversation_type"": ""continuation"", ""question_type"": ""general""}"
empty,empty,How about you?,continuation,general,"{""model_name"": ""empty"", ""layer"": ""empty"", ""conversation_type"": ""continuation"", ""question_type"": ""general""}"
empty,empty,Yes but I'm allergic to peanuts.,continuation,general,"{""model_name"": ""empty"", ""layer"": ""empty"", ""conversation_type"": ""continuation"", ""question_type"": ""general""}"
empty,empty,Can you recommend a good alternative?,continuation,general,"{""model_name"": ""empty"", ""layer"": ""empty"", ""conversation_type"": ""continuation"", ""question_type"": ""general""}"
empty,empty,Sure what's your destination?,continuation,general,"{""model_name"": ""empty"", ""layer"": ""empty"", ""conversation_type"": ""continuation"", ""question_type"": ""general""}"
empty,empty,What date do you want to leave?,continuation,general,"{""model_name"": ""empty"", ""layer"": ""empty"", ""conversation_type"": ""continuation"", ""question_type"": ""general""}"
empty,empty,Sure what're your preferences? What type of cuisine?,continuation,general,"{""model_name"": ""empty"", ""layer"": ""empty"", ""conversation_type"": ""continuation"", ""question_type"": ""general""}"
empty,empty,I prefer Italian cuisine but I'm open to other options as well.,continuation,general,"{""model_name"": ""empty"", ""layer"": ""empty"", ""conversation_type"": ""continuation"", ""question_type"": ""general""}"
empty,empty,Okay I found some delicious Italian veggie recipes for you to try out. Would you like to see?,continuation,general,"{""model_name"": ""empty"", ""layer"": ""empty"", ""conversation_type"": ""continuation"", ""question_type"": ""general""}"
empty,empty,I'm sorry I didn't catch that. Can you repeat your question?,continuation,general,"{""model_name"": ""empty"", ""layer"": ""empty"", ""conversation_type"": ""continuation"", ""question_type"": ""general""}"
empty,empty,No. I don't like it.,continuation,general,"{""model_name"": ""empty"", ""layer"": ""empty"", ""conversation_type"": ""continuation"", ""question_type"": ""general""}"
empty,empty,Okay I'll look into that for you.,continuation,general,"{""model_name"": ""empty"", ""layer"": ""empty"", ""conversation_type"": ""continuation"", ""question_type"": ""general""}"
empty,empty,The doctor is not available at the moment.,continuation,general,"{""model_name"": ""empty"", ""layer"": ""empty"", ""conversation_type"": ""continuation"", ""question_type"": ""general""}"
empty,empty,I see thank you for letting me know. Is there anything else I can help you with?,continuation,general,"{""model_name"": ""empty"", ""layer"": ""empty"", ""conversation_type"": ""continuation"", ""question_type"": ""general""}"
empty,empty,Yes I can help with that. What's the location you'd like me to look up?,continuation,general,"{""model_name"": ""empty"", ""layer"": ""empty"", ""conversation_type"": ""continuation"", ""question_type"": ""general""}"
empty,empty,Can you also show me the schedule for the next flight from New York to Los Angeles?,continuation,general,"{""model_name"": ""empty"", ""layer"": ""empty"", ""conversation_type"": ""continuation"", ""question_type"": ""general""}"
empty,empty,Sure I can check the available flights for you. What's the date and time you have in mind?,continuation,general,"{""model_name"": ""empty"", ""layer"": ""empty"", ""conversation_type"": ""continuation"", ""question_type"": ""general""}"
empty,empty,Yes I can help you find hotel options in the city center and book one for you if you'd like. Would you prefer to stay in a hotel hostel or Airbnb?,continuation,general,"{""model_name"": ""empty"", ""layer"": ""empty"", ""conversation_type"": ""continuation"", ""question_type"": ""general""}"
empty,empty,I'll take a hotel room thanks. Can you recommend any specific hotel brands or features that you think I would enjoy?,continuation,general,"{""model_name"": ""empty"", ""layer"": ""empty"", ""conversation_type"": ""continuation"", ""question_type"": ""general""}"
empty,empty,Sure I can suggest some popular hotel brands and features based on your preferences. For example if you're looking for luxury I can suggest high-end brands like the Four Seasons or Ritz-Carlton. If you prefer budget options I can suggest hostels like HostelWorld or Airbnb. If you have any specific features in mind like swimming pool fitness center or spa services please let me know and I can provide a list of hotels that meet those criteria.,continuation,general,"{""model_name"": ""empty"", ""layer"": ""empty"", ""conversation_type"": ""continuation"", ""question_type"": ""general""}"
empty,empty,Can I help you with anything else?,continuation,general,"{""model_name"": ""empty"", ""layer"": ""empty"", ""conversation_type"": ""continuation"", ""question_type"": ""general""}"
empty,empty,No that's all for now. Thank you.,continuation,general,"{""model_name"": ""empty"", ""layer"": ""empty"", ""conversation_type"": ""continuation"", ""question_type"": ""general""}"
empty,empty,Great do you want the forecast for a specific location?,continuation,general,"{""model_name"": ""empty"", ""layer"": ""empty"", ""conversation_type"": ""continuation"", ""question_type"": ""general""}"
empty,empty,Sure! What dates are you thinking of?,continuation,general,"{""model_name"": ""empty"", ""layer"": ""empty"", ""conversation_type"": ""continuation"", ""question_type"": ""general""}"
empty,empty,I was thinking of flying in on Monday and returning on Thursday. Do you know how long the flight usually takes?,continuation,general,"{""model_name"": ""empty"", ""layer"": ""empty"", ""conversation_type"": ""continuation"", ""question_type"": ""general""}"
empty,empty,It's about 5 hours each way. Would you like me to check the availability for you?,continuation,general,"{""model_name"": ""empty"", ""layer"": ""empty"", ""conversation_type"": ""continuation"", ""question_type"": ""general""}"
empty,empty,Yes that would be great. Can you search for flights and let me know what you find?,continuation,general,"{""model_name"": ""empty"", ""layer"": ""empty"", ""conversation_type"": ""continuation"", ""question_type"": ""general""}"
empty,empty,Of course! I'll search for flights and get back to you with the options.,continuation,general,"{""model_name"": ""empty"", ""layer"": ""empty"", ""conversation_type"": ""continuation"", ""question_type"": ""general""}"
empty,empty,Thank you so much for your help. Do you have any other questions or requests for me?,continuation,general,"{""model_name"": ""empty"", ""layer"": ""empty"", ""conversation_type"": ""continuation"", ""question_type"": ""general""}"
empty,empty,No that's all I need for now. Thank you!,continuation,general,"{""model_name"": ""empty"", ""layer"": ""empty"", ""conversation_type"": ""continuation"", ""question_type"": ""general""}"
empty,empty,That's unfortunate to hear. Is there anything I can help you with today?,continuation,general,"{""model_name"": ""empty"", ""layer"": ""empty"", ""conversation_type"": ""continuation"", ""question_type"": ""general""}"
empty,empty,I can't find the information you're looking for.,continuation,general,"{""model_name"": ""empty"", ""layer"": ""empty"", ""conversation_type"": ""continuation"", ""question_type"": ""general""}"
empty,empty,Can you try searching in a different database?,continuation,general,"{""model_name"": ""empty"", ""layer"": ""empty"", ""conversation_type"": ""continuation"", ""question_type"": ""general""}"
empty,empty,I don't understand what you're asking.,continuation,general,"{""model_name"": ""empty"", ""layer"": ""empty"", ""conversation_type"": ""continuation"", ""question_type"": ""general""}"
empty,empty,Can you please explain what you need me to do?,continuation,general,"{""model_name"": ""empty"", ""layer"": ""empty"", ""conversation_type"": ""continuation"", ""question_type"": ""general""}"
empty,empty,I can't connect to your account right now.,continuation,general,"{""model_name"": ""empty"", ""layer"": ""empty"", ""conversation_type"": ""continuation"", ""question_type"": ""general""}"
empty,empty,Can you try resetting my password?,continuation,general,"{""model_name"": ""empty"", ""layer"": ""empty"", ""conversation_type"": ""continuation"", ""question_type"": ""general""}"
empty,empty,I don't know what you're talking about.,continuation,general,"{""model_name"": ""empty"", ""layer"": ""empty"", ""conversation_type"": ""continuation"", ""question_type"": ""general""}"
empty,empty,I can't complete the task. It's not working properly.,continuation,general,"{""model_name"": ""empty"", ""layer"": ""empty"", ""conversation_type"": ""continuation"", ""question_type"": ""general""}"
empty,empty,Yes I have a cat named Max ,continuation,general,"{""model_name"": ""empty"", ""layer"": ""empty"", ""conversation_type"": ""continuation"", ""question_type"": ""general""}"
empty,empty,Yes I'm trying to find the nearest restaurant.,continuation,general,"{""model_name"": ""empty"", ""layer"": ""empty"", ""conversation_type"": ""continuation"", ""question_type"": ""general""}"
empty,empty,Sure do you have a specific type of cuisine in mind? ,continuation,general,"{""model_name"": ""empty"", ""layer"": ""empty"", ""conversation_type"": ""continuation"", ""question_type"": ""general""}"
empty,empty,I'm in the mood for Italian food. ,continuation,general,"{""model_name"": ""empty"", ""layer"": ""empty"", ""conversation_type"": ""continuation"", ""question_type"": ""general""}"
empty,empty,Do you have any dietary restrictions? ,continuation,general,"{""model_name"": ""empty"", ""layer"": ""empty"", ""conversation_type"": ""continuation"", ""question_type"": ""general""}"
empty,empty,No I'm open to any options. ,continuation,general,"{""model_name"": ""empty"", ""layer"": ""empty"", ""conversation_type"": ""continuation"", ""question_type"": ""general""}"
empty,empty,Alright I'll search for Italian restaurants in your area and let you know what options are available. ,continuation,general,"{""model_name"": ""empty"", ""layer"": ""empty"", ""conversation_type"": ""continuation"", ""question_type"": ""general""}"
empty,empty,That would be great thanks! ,continuation,general,"{""model_name"": ""empty"", ""layer"": ""empty"", ""conversation_type"": ""continuation"", ""question_type"": ""general""}"
empty,empty,No problem do you want me to filter the results based on any other criteria such as price or rating? ,continuation,general,"{""model_name"": ""empty"", ""layer"": ""empty"", ""conversation_type"": ""continuation"", ""question_type"": ""general""}"
empty,empty,No that's good. Just give me the options and I'll choose from there.,continuation,general,"{""model_name"": ""empty"", ""layer"": ""empty"", ""conversation_type"": ""continuation"", ""question_type"": ""general""}"
empty,empty,I am not married.,continuation,general,"{""model_name"": ""empty"", ""layer"": ""empty"", ""conversation_type"": ""continuation"", ""question_type"": ""general""}"
empty,empty,No. I am an only child.,continuation,general,"{""model_name"": ""empty"", ""layer"": ""empty"", ""conversation_type"": ""continuation"", ""question_type"": ""general""}"
empty,empty,Yes I'd like to learn Spanish.,continuation,general,"{""model_name"": ""empty"", ""layer"": ""empty"", ""conversation_type"": ""continuation"", ""question_type"": ""general""}"
empty,empty,Great! Where would you like to learn it?,continuation,general,"{""model_name"": ""empty"", ""layer"": ""empty"", ""conversation_type"": ""continuation"", ""question_type"": ""general""}"
empty,empty,I would like to take an online course to learn it.,continuation,general,"{""model_name"": ""empty"", ""layer"": ""empty"", ""conversation_type"": ""continuation"", ""question_type"": ""general""}"
empty,empty,My favorite color is blue.,continuation,general,"{""model_name"": ""empty"", ""layer"": ""empty"", ""conversation_type"": ""continuation"", ""question_type"": ""general""}"
empty,empty,I like the shade of blue that is commonly used by the New York Giants.,continuation,general,"{""model_name"": ""empty"", ""layer"": ""empty"", ""conversation_type"": ""continuation"", ""question_type"": ""general""}"
empty,empty,Yes I am planning to go to the next Lakers game.,continuation,general,"{""model_name"": ""empty"", ""layer"": ""empty"", ""conversation_type"": ""continuation"", ""question_type"": ""general""}"
empty,empty,I understand. Is there anything you need me to assist you with?,continuation,general,"{""model_name"": ""empty"", ""layer"": ""empty"", ""conversation_type"": ""continuation"", ""question_type"": ""general""}"
empty,empty,I am sorry I don't have any information on that topic currently. Okay can you check back later and see if anything has changed? Sure thing I will check back and get back to you.,continuation,general,"{""model_name"": ""empty"", ""layer"": ""empty"", ""conversation_type"": ""continuation"", ""question_type"": ""general""}"
empty,empty,Can you help me find information about a specific topic?,continuation,general,"{""model_name"": ""empty"", ""layer"": ""empty"", ""conversation_type"": ""continuation"", ""question_type"": ""general""}"
empty,empty,Of course. What topic are you interested in?,continuation,general,"{""model_name"": ""empty"", ""layer"": ""empty"", ""conversation_type"": ""continuation"", ""question_type"": ""general""}"
empty,empty,I'm looking for information about a specific product.,continuation,general,"{""model_name"": ""empty"", ""layer"": ""empty"", ""conversation_type"": ""continuation"", ""question_type"": ""general""}"
empty,empty,Okay can you provide me with the name or model of the product?,continuation,general,"{""model_name"": ""empty"", ""layer"": ""empty"", ""conversation_type"": ""continuation"", ""question_type"": ""general""}"
empty,empty,Sure do you have a specific product in mind?,continuation,general,"{""model_name"": ""empty"", ""layer"": ""empty"", ""conversation_type"": ""continuation"", ""question_type"": ""general""}"
empty,empty,The iPhone X is a great smartphone. Would you like to know more about its camera or screen?,continuation,general,"{""model_name"": ""empty"", ""layer"": ""empty"", ""conversation_type"": ""continuation"", ""question_type"": ""general""}"
empty,empty,Can you tell me more about the iPhone X's camera?,continuation,general,"{""model_name"": ""empty"", ""layer"": ""empty"", ""conversation_type"": ""continuation"", ""question_type"": ""general""}"
empty,empty,The iPhone X has a dual-camera system with a 12-megapixel wide-angle lens and a 12-megapixel ultra-wide lens. It also features optical image stabilization and a portrait mode with depth control. Would you like to know more?,continuation,general,"{""model_name"": ""empty"", ""layer"": ""empty"", ""conversation_type"": ""continuation"", ""question_type"": ""general""}"
empty,empty,I'm an AI assistant that helps people find information.,continuation,general,"{""model_name"": ""empty"", ""layer"": ""empty"", ""conversation_type"": ""continuation"", ""question_type"": ""general""}"
empty,empty,Can you please provide me with your account details?,continuation,general,"{""model_name"": ""empty"", ""layer"": ""empty"", ""conversation_type"": ""continuation"", ""question_type"": ""general""}"
empty,empty,Sure. My account number is 12345678.,continuation,general,"{""model_name"": ""empty"", ""layer"": ""empty"", ""conversation_type"": ""continuation"", ""question_type"": ""general""}"
empty,empty,Thank you can you tell me your email address associated with the account?,continuation,general,"{""model_name"": ""empty"", ""layer"": ""empty"", ""conversation_type"": ""continuation"", ""question_type"": ""general""}"
empty,empty,Yes my email address is johnsmith@email.com.,continuation,general,"{""model_name"": ""empty"", ""layer"": ""empty"", ""conversation_type"": ""continuation"", ""question_type"": ""general""}"
empty,empty,Great I have located your account. Is there anything specific that you need help with?,continuation,general,"{""model_name"": ""empty"", ""layer"": ""empty"", ""conversation_type"": ""continuation"", ""question_type"": ""general""}"
empty,empty,That's great to hear. Do you want to go for a walk?,continuation,general,"{""model_name"": ""empty"", ""layer"": ""empty"", ""conversation_type"": ""continuation"", ""question_type"": ""general""}"
empty,empty,Sure I'd love that.,continuation,general,"{""model_name"": ""empty"", ""layer"": ""empty"", ""conversation_type"": ""continuation"", ""question_type"": ""general""}"
empty,empty,I'm looking for information on a specific topic yes.,continuation,general,"{""model_name"": ""empty"", ""layer"": ""empty"", ""conversation_type"": ""continuation"", ""question_type"": ""general""}"
empty,empty,What information are you looking for?,continuation,general,"{""model_name"": ""empty"", ""layer"": ""empty"", ""conversation_type"": ""continuation"", ""question_type"": ""general""}"
empty,empty,I would like to schedule a meeting with the HR department.,continuation,general,"{""model_name"": ""empty"", ""layer"": ""empty"", ""conversation_type"": ""continuation"", ""question_type"": ""general""}"
empty,empty,Sure may I have your name and date of birth?,continuation,general,"{""model_name"": ""empty"", ""layer"": ""empty"", ""conversation_type"": ""continuation"", ""question_type"": ""general""}"
empty,empty,Yes it's John Smith on the 25th of July.,continuation,general,"{""model_name"": ""empty"", ""layer"": ""empty"", ""conversation_type"": ""continuation"", ""question_type"": ""general""}"
empty,empty,Great I will schedule a meeting for you on the 25th of July at 2PM with the HR department. Is there anything else I can help you with?,continuation,general,"{""model_name"": ""empty"", ""layer"": ""empty"", ""conversation_type"": ""continuation"", ""question_type"": ""general""}"
empty,empty,I understand. Can you provide me with more information?,continuation,general,"{""model_name"": ""empty"", ""layer"": ""empty"", ""conversation_type"": ""continuation"", ""question_type"": ""general""}"
empty,empty,Yes I need to know the weather forecast for today.,continuation,general,"{""model_name"": ""empty"", ""layer"": ""empty"", ""conversation_type"": ""continuation"", ""question_type"": ""general""}"
empty,empty,I need to schedule an appointment with the dentist.,continuation,general,"{""model_name"": ""empty"", ""layer"": ""empty"", ""conversation_type"": ""continuation"", ""question_type"": ""general""}"
empty,empty,Is there anything else I can assist you with?,continuation,general,"{""model_name"": ""empty"", ""layer"": ""empty"", ""conversation_type"": ""continuation"", ""question_type"": ""general""}"
empty,empty,I'm looking for a new phone. Do you have any suggestions?,continuation,general,"{""model_name"": ""empty"", ""layer"": ""empty"", ""conversation_type"": ""continuation"", ""question_type"": ""general""}"
empty,empty,No I can't do that.,continuation,general,"{""model_name"": ""empty"", ""layer"": ""empty"", ""conversation_type"": ""continuation"", ""question_type"": ""general""}"
empty,empty,Yes I can help you with that. What kind of phone are you interested in?,continuation,general,"{""model_name"": ""empty"", ""layer"": ""empty"", ""conversation_type"": ""continuation"", ""question_type"": ""general""}"
empty,empty,No I cannot do that. What is your name?,continuation,general,"{""model_name"": ""empty"", ""layer"": ""empty"", ""conversation_type"": ""continuation"", ""question_type"": ""general""}"
empty,empty,Yes sure. I'll give you my phone number.,continuation,general,"{""model_name"": ""empty"", ""layer"": ""empty"", ""conversation_type"": ""continuation"", ""question_type"": ""general""}"
empty,empty,Yes that is correct. Thank you.,continuation,general,"{""model_name"": ""empty"", ""layer"": ""empty"", ""conversation_type"": ""continuation"", ""question_type"": ""general""}"
empty,empty,No I'm sorry but I can't help with that.,continuation,general,"{""model_name"": ""empty"", ""layer"": ""empty"", ""conversation_type"": ""continuation"", ""question_type"": ""general""}"
empty,empty,Yes I can help you with that. What's your username?,continuation,general,"{""model_name"": ""empty"", ""layer"": ""empty"", ""conversation_type"": ""continuation"", ""question_type"": ""general""}"
empty,empty,Yes please tell me more about this product.,continuation,general,"{""model_name"": ""empty"", ""layer"": ""empty"", ""conversation_type"": ""continuation"", ""question_type"": ""general""}"
empty,empty,Is there anything else I can help you with?,continuation,general,"{""model_name"": ""empty"", ""layer"": ""empty"", ""conversation_type"": ""continuation"", ""question_type"": ""general""}"
empty,empty,No I don't need that. Thank you.,continuation,general,"{""model_name"": ""empty"", ""layer"": ""empty"", ""conversation_type"": ""continuation"", ""question_type"": ""general""}"
empty,empty,Yes I can help you with that. What do you need help with?,continuation,general,"{""model_name"": ""empty"", ""layer"": ""empty"", ""conversation_type"": ""continuation"", ""question_type"": ""general""}"
empty,empty,No I can't do that. What's your name?,continuation,general,"{""model_name"": ""empty"", ""layer"": ""empty"", ""conversation_type"": ""continuation"", ""question_type"": ""general""}"
empty,empty,Yes sure. I'm here to help. How can I assist you today?,continuation,general,"{""model_name"": ""empty"", ""layer"": ""empty"", ""conversation_type"": ""continuation"", ""question_type"": ""general""}"
empty,empty,Do you have any other questions?,continuation,general,"{""model_name"": ""empty"", ""layer"": ""empty"", ""conversation_type"": ""continuation"", ""question_type"": ""general""}"
empty,empty,What time would you like to arrive?,continuation,general,"{""model_name"": ""empty"", ""layer"": ""empty"", ""conversation_type"": ""continuation"", ""question_type"": ""general""}"
empty,empty,What would you like me to do for you today?,continuation,general,"{""model_name"": ""empty"", ""layer"": ""empty"", ""conversation_type"": ""continuation"", ""question_type"": ""general""}"
empty,empty,Okay what date and time do you have in mind?,continuation,general,"{""model_name"": ""empty"", ""layer"": ""empty"", ""conversation_type"": ""continuation"", ""question_type"": ""general""}"
empty,empty,Next Monday at 2 pm would work.,continuation,general,"{""model_name"": ""empty"", ""layer"": ""empty"", ""conversation_type"": ""continuation"", ""question_type"": ""general""}"
empty,empty,Great I'll make sure to schedule the meeting for you. What else do you need help with?,continuation,general,"{""model_name"": ""empty"", ""layer"": ""empty"", ""conversation_type"": ""continuation"", ""question_type"": ""general""}"
empty,empty,Can you give me more pairs?,continuation,general,"{""model_name"": ""empty"", ""layer"": ""empty"", ""conversation_type"": ""continuation"", ""question_type"": ""general""}"
empty,empty,Are the pairs sorted or unsorted?,continuation,general,"{""model_name"": ""empty"", ""layer"": ""empty"", ""conversation_type"": ""continuation"", ""question_type"": ""general""}"
empty,empty,How many pairs do you have?,continuation,general,"{""model_name"": ""empty"", ""layer"": ""empty"", ""conversation_type"": ""continuation"", ""question_type"": ""general""}"
empty,empty,Do you want me to generate sentences or questions for the pairs?,continuation,general,"{""model_name"": ""empty"", ""layer"": ""empty"", ""conversation_type"": ""continuation"", ""question_type"": ""general""}"
empty,empty,Do you have any other questions?,continuation,general,"{""model_name"": ""empty"", ""layer"": ""empty"", ""conversation_type"": ""continuation"", ""question_type"": ""general""}"
empty,empty,No I think that covers it.,continuation,general,"{""model_name"": ""empty"", ""layer"": ""empty"", ""conversation_type"": ""continuation"", ""question_type"": ""general""}"
empty,empty,What time are you planning on arriving?,continuation,general,"{""model_name"": ""empty"", ""layer"": ""empty"", ""conversation_type"": ""continuation"", ""question_type"": ""general""}"
empty,empty,I should be there around 5.,continuation,general,"{""model_name"": ""empty"", ""layer"": ""empty"", ""conversation_type"": ""continuation"", ""question_type"": ""general""}"
empty,empty,Great I'll make sure to have your information ready for you.,continuation,general,"{""model_name"": ""empty"", ""layer"": ""empty"", ""conversation_type"": ""continuation"", ""question_type"": ""general""}"
empty,empty,Can you remind me of the location?,continuation,general,"{""model_name"": ""empty"", ""layer"": ""empty"", ""conversation_type"": ""continuation"", ""question_type"": ""general""}"
empty,empty,It's located at 123 Main Street.,continuation,general,"{""model_name"": ""empty"", ""layer"": ""empty"", ""conversation_type"": ""continuation"", ""question_type"": ""general""}"
empty,empty,What's your preferred departure time and destination?,continuation,general,"{""model_name"": ""empty"", ""layer"": ""empty"", ""conversation_type"": ""continuation"", ""question_type"": ""general""}"
empty,empty,I want to fly to New York and depart in the morning.,continuation,general,"{""model_name"": ""empty"", ""layer"": ""empty"", ""conversation_type"": ""continuation"", ""question_type"": ""general""}"
empty,empty,I'm sorry I didn't understand that. Could you please clarify?,continuation,general,"{""model_name"": ""empty"", ""layer"": ""empty"", ""conversation_type"": ""continuation"", ""question_type"": ""general""}"
empty,empty,No I'm good for now thanks.,continuation,general,"{""model_name"": ""empty"", ""layer"": ""empty"", ""conversation_type"": ""continuation"", ""question_type"": ""general""}"
empty,empty,Can you provide me with your email address?,continuation,general,"{""model_name"": ""empty"", ""layer"": ""empty"", ""conversation_type"": ""continuation"", ""question_type"": ""general""}"
empty,empty,I'm sorry I didn't understand your question could you please repeat it?,continuation,general,"{""model_name"": ""empty"", ""layer"": ""empty"", ""conversation_type"": ""continuation"", ""question_type"": ""general""}"
empty,empty,Yes I need to know the weather forecast for tomorrow.,continuation,general,"{""model_name"": ""empty"", ""layer"": ""empty"", ""conversation_type"": ""continuation"", ""question_type"": ""general""}"
empty,empty,Okay I have found the weather forecast for tomorrow. It will be mostly sunny with a high of 85 degrees. Would you like me to check the forecast for any other days?,continuation,general,"{""model_name"": ""empty"", ""layer"": ""empty"", ""conversation_type"": ""continuation"", ""question_type"": ""general""}"
empty,empty,That's great thank you! How about next week?,continuation,general,"{""model_name"": ""empty"", ""layer"": ""empty"", ""conversation_type"": ""continuation"", ""question_type"": ""general""}"
empty,empty,Of course I can check the forecast for next week as well. Would you like me to check for any other locations?,continuation,general,"{""model_name"": ""empty"", ""layer"": ""empty"", ""conversation_type"": ""continuation"", ""question_type"": ""general""}"
